{"cameraMode":{"drawMode":0,"name":"Shaded","section":"Shading Mode"},"sceneLighting":true,"audioPlay":false,"sceneViewState":{"m_AlwaysRefresh":false,"showFog":true,"showSkybox":true,"showFlares":true,"showImageEffects":true,"showParticleSystems":true,"showVisualEffectGraphs":true,"m_FxEnabled":true},"in2DMode":false,"pivot":{"x":618.3650512695313,"y":293.4255676269531,"z":-319.4776611328125},"rotation":{"x":-0.020687760785222055,"y":-0.012001044116914273,"z":-0.00024879531702026725,"w":0.9997128248214722},"size":170.55735778808595,"orthographic":false}